Geo Code,Geo Name,Line Number
"01","Canada",2
"01A0A","A0A",129
"01A0B","A0B",256
"01A0C","A0C",383
"01A0E","A0E",510
"01A0G","A0G",637
"01A0H","A0H",764
"01A0J","A0J",891
"01A0K","A0K",1018
"01A0L","A0L",1145
"01A0M","A0M",1272
"01A0N","A0N",1399
"01A0P","A0P",1526
"01A0R","A0R",1653
"01A1A","A1A",1780
"01A1B","A1B",1907
"01A1C","A1C",2034
"01A1E","A1E",2161
"01A1G","A1G",2288
"01A1H","A1H",2415
"01A1K","A1K",2542
"01A1L","A1L",2669
"01A1M","A1M",2796
"01A1N","A1N",2923
"01A1S","A1S",3050
"01A1V","A1V",3177
"01A1W","A1W",3304
"01A1X","A1X",3431
"01A1Y","A1Y",3558
"01A2A","A2A",3685
"01A2B","A2B",3812
"01A2H","A2H",3939
"01A2N","A2N",4066
"01A2V","A2V",4193
"01A5A","A5A",4320
"01A8A","A8A",4447
"01B0C","B0C",4574
"01B0E","B0E",4701
"01B0H","B0H",4828
"01B0J","B0J",4955
"01B0K","B0K",5082
"01B0L","B0L",5209
"01B0M","B0M",5336
"01B0N","B0N",5463
"01B0P","B0P",5590
"01B0R","B0R",5717
"01B0S","B0S",5844
"01B0T","B0T",5971
"01B0V","B0V",6098
"01B0W","B0W",6225
"01B1A","B1A",6352
"01B1B","B1B",6479
"01B1C","B1C",6606
"01B1E","B1E",6733
"01B1G","B1G",6860
"01B1H","B1H",6987
"01B1J","B1J",7114
"01B1K","B1K",7241
"01B1L","B1L",7368
"01B1M","B1M",7495
"01B1N","B1N",7622
"01B1P","B1P",7749
"01B1R","B1R",7876
"01B1S","B1S",8003
"01B1T","B1T",8130
"01B1V","B1V",8257
"01B1W","B1W",8384
"01B1X","B1X",8511
"01B1Y","B1Y",8638
"01B2A","B2A",8765
"01B2C","B2C",8892
"01B2E","B2E",9019
"01B2G","B2G",9146
"01B2H","B2H",9273
"01B2J","B2J",9400
"01B2N","B2N",9527
"01B2R","B2R",9654
"01B2S","B2S",9781
"01B2T","B2T",9908
"01B2V","B2V",10035
"01B2W","B2W",10162
"01B2X","B2X",10289
"01B2Y","B2Y",10416
"01B2Z","B2Z",10543
"01B3A","B3A",10670
"01B3B","B3B",10797
"01B3E","B3E",10924
"01B3G","B3G",11051
"01B3H","B3H",11178
"01B3J","B3J",11305
"01B3K","B3K",11432
"01B3L","B3L",11559
"01B3M","B3M",11686
"01B3N","B3N",11813
"01B3P","B3P",11940
"01B3R","B3R",12067
"01B3S","B3S",12194
"01B3T","B3T",12321
"01B3V","B3V",12448
"01B3Z","B3Z",12575
"01B4A","B4A",12702
"01B4B","B4B",12829
"01B4C","B4C",12956
"01B4E","B4E",13083
"01B4G","B4G",13210
"01B4H","B4H",13337
"01B4N","B4N",13464
"01B4P","B4P",13591
"01B4R","B4R",13718
"01B4V","B4V",13845
"01B5A","B5A",13972
"01B6L","B6L",14099
"01B9A","B9A",14226
"01C0A","C0A",14353
"01C0B","C0B",14480
"01C1A","C1A",14607
"01C1B","C1B",14734
"01C1C","C1C",14861
"01C1E","C1E",14988
"01C1N","C1N",15115
"01E1A","E1A",15242
"01E1B","E1B",15369
"01E1C","E1C",15496
"01E1E","E1E",15623
"01E1G","E1G",15750
"01E1H","E1H",15877
"01E1J","E1J",16004
"01E1N","E1N",16131
"01E1V","E1V",16258
"01E1W","E1W",16385
"01E1X","E1X",16512
"01E2A","E2A",16639
"01E2E","E2E",16766
"01E2G","E2G",16893
"01E2H","E2H",17020
"01E2J","E2J",17147
"01E2K","E2K",17274
"01E2L","E2L",17401
"01E2M","E2M",17528
"01E2N","E2N",17655
"01E2P","E2P",17782
"01E2S","E2S",17909
"01E2V","E2V",18036
"01E3A","E3A",18163
"01E3B","E3B",18290
"01E3C","E3C",18417
"01E3E","E3E",18544
"01E3G","E3G",18671
"01E3L","E3L",18798
"01E3N","E3N",18925
"01E3V","E3V",19052
"01E3Y","E3Y",19179
"01E3Z","E3Z",19306
"01E4A","E4A",19433
"01E4B","E4B",19560
"01E4C","E4C",19687
"01E4E","E4E",19814
"01E4G","E4G",19941
"01E4H","E4H",20068
"01E4J","E4J",20195
"01E4K","E4K",20322
"01E4L","E4L",20449
"01E4M","E4M",20576
"01E4N","E4N",20703
"01E4P","E4P",20830
"01E4R","E4R",20957
"01E4S","E4S",21084
"01E4T","E4T",21211
"01E4V","E4V",21338
"01E4W","E4W",21465
"01E4X","E4X",21592
"01E4Y","E4Y",21719
"01E4Z","E4Z",21846
"01E5A","E5A",21973
"01E5B","E5B",22100
"01E5C","E5C",22227
"01E5E","E5E",22354
"01E5G","E5G",22481
"01E5H","E5H",22608
"01E5J","E5J",22735
"01E5K","E5K",22862
"01E5L","E5L",22989
"01E5M","E5M",23116
"01E5N","E5N",23243
"01E5P","E5P",23370
"01E5R","E5R",23497
"01E5S","E5S",23624
"01E5T","E5T",23751
"01E5V","E5V",23878
"01E6A","E6A",24005
"01E6B","E6B",24132
"01E6C","E6C",24259
"01E6E","E6E",24386
"01E6G","E6G",24513
"01E6H","E6H",24640
"01E6J","E6J",24767
"01E6K","E6K",24894
"01E6L","E6L",25021
"01E7A","E7A",25148
"01E7B","E7B",25275
"01E7C","E7C",25402
"01E7E","E7E",25529
"01E7G","E7G",25656
"01E7H","E7H",25783
"01E7J","E7J",25910
"01E7K","E7K",26037
"01E7L","E7L",26164
"01E7M","E7M",26291
"01E7N","E7N",26418
"01E7P","E7P",26545
"01E8A","E8A",26672
"01E8B","E8B",26799
"01E8C","E8C",26926
"01E8E","E8E",27053
"01E8G","E8G",27180
"01E8J","E8J",27307
"01E8K","E8K",27434
"01E8L","E8L",27561
"01E8M","E8M",27688
"01E8N","E8N",27815
"01E8P","E8P",27942
"01E8R","E8R",28069
"01E8S","E8S",28196
"01E8T","E8T",28323
"01E9A","E9A",28450
"01E9B","E9B",28577
"01E9C","E9C",28704
"01E9E","E9E",28831
"01E9G","E9G",28958
"01E9H","E9H",29085
"01G0A","G0A",29212
"01G0C","G0C",29339
"01G0E","G0E",29466
"01G0G","G0G",29593
"01G0H","G0H",29720
"01G0J","G0J",29847
"01G0K","G0K",29974
"01G0L","G0L",30101
"01G0M","G0M",30228
"01G0N","G0N",30355
"01G0P","G0P",30482
"01G0R","G0R",30609
"01G0S","G0S",30736
"01G0T","G0T",30863
"01G0V","G0V",30990
"01G0W","G0W",31117
"01G0X","G0X",31244
"01G0Y","G0Y",31371
"01G0Z","G0Z",31498
"01G1B","G1B",31625
"01G1C","G1C",31752
"01G1E","G1E",31879
"01G1G","G1G",32006
"01G1H","G1H",32133
"01G1J","G1J",32260
"01G1K","G1K",32387
"01G1L","G1L",32514
"01G1M","G1M",32641
"01G1N","G1N",32768
"01G1P","G1P",32895
"01G1R","G1R",33022
"01G1S","G1S",33149
"01G1T","G1T",33276
"01G1V","G1V",33403
"01G1W","G1W",33530
"01G1X","G1X",33657
"01G1Y","G1Y",33784
"01G2A","G2A",33911
"01G2B","G2B",34038
"01G2C","G2C",34165
"01G2E","G2E",34292
"01G2G","G2G",34419
"01G2J","G2J",34546
"01G2K","G2K",34673
"01G2L","G2L",34800
"01G2M","G2M",34927
"01G2N","G2N",35054
"01G3A","G3A",35181
"01G3B","G3B",35308
"01G3C","G3C",35435
"01G3E","G3E",35562
"01G3G","G3G",35689
"01G3H","G3H",35816
"01G3J","G3J",35943
"01G3K","G3K",36070
"01G3L","G3L",36197
"01G3M","G3M",36324
"01G3N","G3N",36451
"01G3Z","G3Z",36578
"01G4A","G4A",36705
"01G4R","G4R",36832
"01G4S","G4S",36959
"01G4T","G4T",37086
"01G4V","G4V",37213
"01G4W","G4W",37340
"01G4X","G4X",37467
"01G4Z","G4Z",37594
"01G5A","G5A",37721
"01G5B","G5B",37848
"01G5C","G5C",37975
"01G5H","G5H",38102
"01G5J","G5J",38229
"01G5L","G5L",38356
"01G5M","G5M",38483
"01G5N","G5N",38610
"01G5R","G5R",38737
"01G5T","G5T",38864
"01G5V","G5V",38991
"01G5X","G5X",39118
"01G5Y","G5Y",39245
"01G5Z","G5Z",39372
"01G6A","G6A",39499
"01G6B","G6B",39626
"01G6C","G6C",39753
"01G6E","G6E",39880
"01G6G","G6G",40007
"01G6H","G6H",40134
"01G6J","G6J",40261
"01G6K","G6K",40388
"01G6L","G6L",40515
"01G6P","G6P",40642
"01G6R","G6R",40769
"01G6S","G6S",40896
"01G6T","G6T",41023
"01G6V","G6V",41150
"01G6W","G6W",41277
"01G6X","G6X",41404
"01G6Y","G6Y",41531
"01G6Z","G6Z",41658
"01G7A","G7A",41785
"01G7B","G7B",41912
"01G7G","G7G",42039
"01G7H","G7H",42166
"01G7J","G7J",42293
"01G7K","G7K",42420
"01G7N","G7N",42547
"01G7P","G7P",42674
"01G7S","G7S",42801
"01G7T","G7T",42928
"01G7X","G7X",43055
"01G7Y","G7Y",43182
"01G7Z","G7Z",43309
"01G8A","G8A",43436
"01G8B","G8B",43563
"01G8C","G8C",43690
"01G8E","G8E",43817
"01G8G","G8G",43944
"01G8H","G8H",44071
"01G8J","G8J",44198
"01G8K","G8K",44325
"01G8L","G8L",44452
"01G8M","G8M",44579
"01G8N","G8N",44706
"01G8P","G8P",44833
"01G8T","G8T",44960
"01G8V","G8V",45087
"01G8W","G8W",45214
"01G8Y","G8Y",45341
"01G8Z","G8Z",45468
"01G9A","G9A",45595
"01G9B","G9B",45722
"01G9C","G9C",45849
"01G9H","G9H",45976
"01G9N","G9N",46103
"01G9P","G9P",46230
"01G9R","G9R",46357
"01G9T","G9T",46484
"01G9X","G9X",46611
"01H0M","H0M",46738
"01H1A","H1A",46865
"01H1B","H1B",46992
"01H1C","H1C",47119
"01H1E","H1E",47246
"01H1G","H1G",47373
"01H1H","H1H",47500
"01H1J","H1J",47627
"01H1K","H1K",47754
"01H1L","H1L",47881
"01H1M","H1M",48008
"01H1N","H1N",48135
"01H1P","H1P",48262
"01H1R","H1R",48389
"01H1S","H1S",48516
"01H1T","H1T",48643
"01H1V","H1V",48770
"01H1W","H1W",48897
"01H1X","H1X",49024
"01H1Y","H1Y",49151
"01H1Z","H1Z",49278
"01H2A","H2A",49405
"01H2B","H2B",49532
"01H2C","H2C",49659
"01H2E","H2E",49786
"01H2G","H2G",49913
"01H2H","H2H",50040
"01H2J","H2J",50167
"01H2K","H2K",50294
"01H2L","H2L",50421
"01H2M","H2M",50548
"01H2N","H2N",50675
"01H2P","H2P",50802
"01H2R","H2R",50929
"01H2S","H2S",51056
"01H2T","H2T",51183
"01H2V","H2V",51310
"01H2W","H2W",51437
"01H2X","H2X",51564
"01H2Y","H2Y",51691
"01H2Z","H2Z",51818
"01H3A","H3A",51945
"01H3B","H3B",52072
"01H3C","H3C",52199
"01H3E","H3E",52326
"01H3G","H3G",52453
"01H3H","H3H",52580
"01H3J","H3J",52707
"01H3K","H3K",52834
"01H3L","H3L",52961
"01H3M","H3M",53088
"01H3N","H3N",53215
"01H3P","H3P",53342
"01H3R","H3R",53469
"01H3S","H3S",53596
"01H3T","H3T",53723
"01H3V","H3V",53850
"01H3W","H3W",53977
"01H3X","H3X",54104
"01H3Y","H3Y",54231
"01H3Z","H3Z",54358
"01H4A","H4A",54485
"01H4B","H4B",54612
"01H4C","H4C",54739
"01H4E","H4E",54866
"01H4G","H4G",54993
"01H4H","H4H",55120
"01H4J","H4J",55247
"01H4K","H4K",55374
"01H4L","H4L",55501
"01H4M","H4M",55628
"01H4N","H4N",55755
"01H4P","H4P",55882
"01H4R","H4R",56009
"01H4S","H4S",56136
"01H4V","H4V",56263
"01H4W","H4W",56390
"01H4X","H4X",56517
"01H7A","H7A",56644
"01H7B","H7B",56771
"01H7C","H7C",56898
"01H7E","H7E",57025
"01H7G","H7G",57152
"01H7H","H7H",57279
"01H7J","H7J",57406
"01H7K","H7K",57533
"01H7L","H7L",57660
"01H7M","H7M",57787
"01H7N","H7N",57914
"01H7P","H7P",58041
"01H7R","H7R",58168
"01H7S","H7S",58295
"01H7T","H7T",58422
"01H7V","H7V",58549
"01H7W","H7W",58676
"01H7X","H7X",58803
"01H7Y","H7Y",58930
"01H8N","H8N",59057
"01H8P","H8P",59184
"01H8R","H8R",59311
"01H8S","H8S",59438
"01H8T","H8T",59565
"01H8Y","H8Y",59692
"01H8Z","H8Z",59819
"01H9A","H9A",59946
"01H9B","H9B",60073
"01H9C","H9C",60200
"01H9E","H9E",60327
"01H9G","H9G",60454
"01H9H","H9H",60581
"01H9J","H9J",60708
"01H9K","H9K",60835
"01H9P","H9P",60962
"01H9R","H9R",61089
"01H9S","H9S",61216
"01H9W","H9W",61343
"01H9X","H9X",61470
"01J0A","J0A",61597
"01J0B","J0B",61724
"01J0C","J0C",61851
"01J0E","J0E",61978
"01J0G","J0G",62105
"01J0H","J0H",62232
"01J0J","J0J",62359
"01J0K","J0K",62486
"01J0L","J0L",62613
"01J0M","J0M",62740
"01J0N","J0N",62867
"01J0P","J0P",62994
"01J0R","J0R",63121
"01J0S","J0S",63248
"01J0T","J0T",63375
"01J0V","J0V",63502
"01J0W","J0W",63629
"01J0X","J0X",63756
"01J0Y","J0Y",63883
"01J0Z","J0Z",64010
"01J1A","J1A",64137
"01J1C","J1C",64264
"01J1E","J1E",64391
"01J1G","J1G",64518
"01J1H","J1H",64645
"01J1J","J1J",64772
"01J1K","J1K",64899
"01J1L","J1L",65026
"01J1M","J1M",65153
"01J1N","J1N",65280
"01J1R","J1R",65407
"01J1S","J1S",65534
"01J1T","J1T",65661
"01J1X","J1X",65788
"01J1Z","J1Z",65915
"01J2A","J2A",66042
"01J2B","J2B",66169
"01J2C","J2C",66296
"01J2E","J2E",66423
"01J2G","J2G",66550
"01J2H","J2H",66677
"01J2J","J2J",66804
"01J2K","J2K",66931
"01J2L","J2L",67058
"01J2M","J2M",67185
"01J2N","J2N",67312
"01J2R","J2R",67439
"01J2S","J2S",67566
"01J2T","J2T",67693
"01J2W","J2W",67820
"01J2X","J2X",67947
"01J2Y","J2Y",68074
"01J3A","J3A",68201
"01J3B","J3B",68328
"01J3E","J3E",68455
"01J3G","J3G",68582
"01J3H","J3H",68709
"01J3L","J3L",68836
"01J3M","J3M",68963
"01J3N","J3N",69090
"01J3P","J3P",69217
"01J3R","J3R",69344
"01J3T","J3T",69471
"01J3V","J3V",69598
"01J3X","J3X",69725
"01J3Y","J3Y",69852
"01J3Z","J3Z",69979
"01J4B","J4B",70106
"01J4G","J4G",70233
"01J4H","J4H",70360
"01J4J","J4J",70487
"01J4K","J4K",70614
"01J4L","J4L",70741
"01J4M","J4M",70868
"01J4N","J4N",70995
"01J4P","J4P",71122
"01J4R","J4R",71249
"01J4S","J4S",71376
"01J4T","J4T",71503
"01J4V","J4V",71630
"01J4W","J4W",71757
"01J4X","J4X",71884
"01J4Y","J4Y",72011
"01J4Z","J4Z",72138
"01J5A","J5A",72265
"01J5B","J5B",72392
"01J5C","J5C",72519
"01J5J","J5J",72646
"01J5K","J5K",72773
"01J5L","J5L",72900
"01J5M","J5M",73027
"01J5R","J5R",73154
"01J5T","J5T",73281
"01J5V","J5V",73408
"01J5W","J5W",73535
"01J5X","J5X",73662
"01J5Y","J5Y",73789
"01J5Z","J5Z",73916
"01J6A","J6A",74043
"01J6E","J6E",74170
"01J6J","J6J",74297
"01J6K","J6K",74424
"01J6N","J6N",74551
"01J6R","J6R",74678
"01J6S","J6S",74805
"01J6T","J6T",74932
"01J6V","J6V",75059
"01J6W","J6W",75186
"01J6X","J6X",75313
"01J6Y","J6Y",75440
"01J6Z","J6Z",75567
"01J7A","J7A",75694
"01J7B","J7B",75821
"01J7C","J7C",75948
"01J7E","J7E",76075
"01J7G","J7G",76202
"01J7H","J7H",76329
"01J7J","J7J",76456
"01J7K","J7K",76583
"01J7L","J7L",76710
"01J7M","J7M",76837
"01J7N","J7N",76964
"01J7P","J7P",77091
"01J7R","J7R",77218
"01J7T","J7T",77345
"01J7V","J7V",77472
"01J7W","J7W",77599
"01J7X","J7X",77726
"01J7Y","J7Y",77853
"01J7Z","J7Z",77980
"01J8A","J8A",78107
"01J8B","J8B",78234
"01J8C","J8C",78361
"01J8E","J8E",78488
"01J8G","J8G",78615
"01J8H","J8H",78742
"01J8L","J8L",78869
"01J8M","J8M",78996
"01J8N","J8N",79123
"01J8P","J8P",79250
"01J8R","J8R",79377
"01J8T","J8T",79504
"01J8V","J8V",79631
"01J8X","J8X",79758
"01J8Y","J8Y",79885
"01J8Z","J8Z",80012
"01J9A","J9A",80139
"01J9B","J9B",80266
"01J9E","J9E",80393
"01J9H","J9H",80520
"01J9J","J9J",80647
"01J9L","J9L",80774
"01J9P","J9P",80901
"01J9T","J9T",81028
"01J9V","J9V",81155
"01J9X","J9X",81282
"01J9Y","J9Y",81409
"01J9Z","J9Z",81536
"01K0A","K0A",81663
"01K0B","K0B",81790
"01K0C","K0C",81917
"01K0E","K0E",82044
"01K0G","K0G",82171
"01K0H","K0H",82298
"01K0J","K0J",82425
"01K0K","K0K",82552
"01K0L","K0L",82679
"01K0M","K0M",82806
"01K1A","K1A",82933
"01K1B","K1B",83060
"01K1C","K1C",83187
"01K1E","K1E",83314
"01K1G","K1G",83441
"01K1H","K1H",83568
"01K1J","K1J",83695
"01K1K","K1K",83822
"01K1L","K1L",83949
"01K1M","K1M",84076
"01K1N","K1N",84203
"01K1P","K1P",84330
"01K1R","K1R",84457
"01K1S","K1S",84584
"01K1T","K1T",84711
"01K1V","K1V",84838
"01K1W","K1W",84965
"01K1X","K1X",85092
"01K1Y","K1Y",85219
"01K1Z","K1Z",85346
"01K2A","K2A",85473
"01K2B","K2B",85600
"01K2C","K2C",85727
"01K2E","K2E",85854
"01K2G","K2G",85981
"01K2H","K2H",86108
"01K2J","K2J",86235
"01K2K","K2K",86362
"01K2L","K2L",86489
"01K2M","K2M",86616
"01K2P","K2P",86743
"01K2R","K2R",86870
"01K2S","K2S",86997
"01K2T","K2T",87124
"01K2V","K2V",87251
"01K2W","K2W",87378
"01K4A","K4A",87505
"01K4B","K4B",87632
"01K4C","K4C",87759
"01K4K","K4K",87886
"01K4M","K4M",88013
"01K4P","K4P",88140
"01K4R","K4R",88267
"01K6A","K6A",88394
"01K6H","K6H",88521
"01K6J","K6J",88648
"01K6K","K6K",88775
"01K6T","K6T",88902
"01K6V","K6V",89029
"01K7A","K7A",89156
"01K7C","K7C",89283
"01K7G","K7G",89410
"01K7H","K7H",89537
"01K7K","K7K",89664
"01K7L","K7L",89791
"01K7M","K7M",89918
"01K7N","K7N",90045
"01K7P","K7P",90172
"01K7R","K7R",90299
"01K7S","K7S",90426
"01K7V","K7V",90553
"01K8A","K8A",90680
"01K8B","K8B",90807
"01K8H","K8H",90934
"01K8N","K8N",91061
"01K8P","K8P",91188
"01K8R","K8R",91315
"01K8V","K8V",91442
"01K9A","K9A",91569
"01K9H","K9H",91696
"01K9J","K9J",91823
"01K9K","K9K",91950
"01K9L","K9L",92077
"01K9V","K9V",92204
"01L0A","L0A",92331
"01L0B","L0B",92458
"01L0C","L0C",92585
"01L0E","L0E",92712
"01L0G","L0G",92839
"01L0H","L0H",92966
"01L0J","L0J",93093
"01L0K","L0K",93220
"01L0L","L0L",93347
"01L0M","L0M",93474
"01L0N","L0N",93601
"01L0P","L0P",93728
"01L0R","L0R",93855
"01L0S","L0S",93982
"01L1A","L1A",94109
"01L1B","L1B",94236
"01L1C","L1C",94363
"01L1E","L1E",94490
"01L1G","L1G",94617
"01L1H","L1H",94744
"01L1J","L1J",94871
"01L1K","L1K",94998
"01L1L","L1L",95125
"01L1M","L1M",95252
"01L1N","L1N",95379
"01L1P","L1P",95506
"01L1R","L1R",95633
"01L1S","L1S",95760
"01L1T","L1T",95887
"01L1V","L1V",96014
"01L1W","L1W",96141
"01L1X","L1X",96268
"01L1Y","L1Y",96395
"01L1Z","L1Z",96522
"01L2A","L2A",96649
"01L2E","L2E",96776
"01L2G","L2G",96903
"01L2H","L2H",97030
"01L2J","L2J",97157
"01L2M","L2M",97284
"01L2N","L2N",97411
"01L2P","L2P",97538
"01L2R","L2R",97665
"01L2S","L2S",97792
"01L2T","L2T",97919
"01L2V","L2V",98046
"01L2W","L2W",98173
"01L3B","L3B",98300
"01L3C","L3C",98427
"01L3K","L3K",98554
"01L3M","L3M",98681
"01L3P","L3P",98808
"01L3R","L3R",98935
"01L3S","L3S",99062
"01L3T","L3T",99189
"01L3V","L3V",99316
"01L3X","L3X",99443
"01L3Y","L3Y",99570
"01L3Z","L3Z",99697
"01L4A","L4A",99824
"01L4B","L4B",99951
"01L4C","L4C",100078
"01L4E","L4E",100205
"01L4G","L4G",100332
"01L4H","L4H",100459
"01L4J","L4J",100586
"01L4K","L4K",100713
"01L4L","L4L",100840
"01L4M","L4M",100967
"01L4N","L4N",101094
"01L4P","L4P",101221
"01L4R","L4R",101348
"01L4S","L4S",101475
"01L4T","L4T",101602
"01L4W","L4W",101729
"01L4X","L4X",101856
"01L4Y","L4Y",101983
"01L4Z","L4Z",102110
"01L5A","L5A",102237
"01L5B","L5B",102364
"01L5C","L5C",102491
"01L5E","L5E",102618
"01L5G","L5G",102745
"01L5H","L5H",102872
"01L5J","L5J",102999
"01L5K","L5K",103126
"01L5L","L5L",103253
"01L5M","L5M",103380
"01L5N","L5N",103507
"01L5R","L5R",103634
"01L5V","L5V",103761
"01L5W","L5W",103888
"01L6A","L6A",104015
"01L6B","L6B",104142
"01L6C","L6C",104269
"01L6E","L6E",104396
"01L6G","L6G",104523
"01L6H","L6H",104650
"01L6J","L6J",104777
"01L6K","L6K",104904
"01L6L","L6L",105031
"01L6M","L6M",105158
"01L6P","L6P",105285
"01L6R","L6R",105412
"01L6S","L6S",105539
"01L6T","L6T",105666
"01L6V","L6V",105793
"01L6W","L6W",105920
"01L6X","L6X",106047
"01L6Y","L6Y",106174
"01L6Z","L6Z",106301
"01L7A","L7A",106428
"01L7B","L7B",106555
"01L7C","L7C",106682
"01L7E","L7E",106809
"01L7G","L7G",106936
"01L7J","L7J",107063
"01L7K","L7K",107190
"01L7L","L7L",107317
"01L7M","L7M",107444
"01L7N","L7N",107571
"01L7P","L7P",107698
"01L7R","L7R",107825
"01L7S","L7S",107952
"01L7T","L7T",108079
"01L8E","L8E",108206
"01L8G","L8G",108333
"01L8H","L8H",108460
"01L8J","L8J",108587
"01L8K","L8K",108714
"01L8L","L8L",108841
"01L8M","L8M",108968
"01L8N","L8N",109095
"01L8P","L8P",109222
"01L8R","L8R",109349
"01L8S","L8S",109476
"01L8T","L8T",109603
"01L8V","L8V",109730
"01L8W","L8W",109857
"01L9A","L9A",109984
"01L9B","L9B",110111
"01L9C","L9C",110238
"01L9E","L9E",110365
"01L9G","L9G",110492
"01L9H","L9H",110619
"01L9J","L9J",110746
"01L9K","L9K",110873
"01L9L","L9L",111000
"01L9M","L9M",111127
"01L9N","L9N",111254
"01L9P","L9P",111381
"01L9R","L9R",111508
"01L9S","L9S",111635
"01L9T","L9T",111762
"01L9V","L9V",111889
"01L9W","L9W",112016
"01L9Y","L9Y",112143
"01L9Z","L9Z",112270
"01M1B","M1B",112397
"01M1C","M1C",112524
"01M1E","M1E",112651
"01M1G","M1G",112778
"01M1H","M1H",112905
"01M1J","M1J",113032
"01M1K","M1K",113159
"01M1L","M1L",113286
"01M1M","M1M",113413
"01M1N","M1N",113540
"01M1P","M1P",113667
"01M1R","M1R",113794
"01M1S","M1S",113921
"01M1T","M1T",114048
"01M1V","M1V",114175
"01M1W","M1W",114302
"01M1X","M1X",114429
"01M2H","M2H",114556
"01M2J","M2J",114683
"01M2K","M2K",114810
"01M2L","M2L",114937
"01M2M","M2M",115064
"01M2N","M2N",115191
"01M2P","M2P",115318
"01M2R","M2R",115445
"01M3A","M3A",115572
"01M3B","M3B",115699
"01M3C","M3C",115826
"01M3H","M3H",115953
"01M3J","M3J",116080
"01M3K","M3K",116207
"01M3L","M3L",116334
"01M3M","M3M",116461
"01M3N","M3N",116588
"01M4A","M4A",116715
"01M4B","M4B",116842
"01M4C","M4C",116969
"01M4E","M4E",117096
"01M4G","M4G",117223
"01M4H","M4H",117350
"01M4J","M4J",117477
"01M4K","M4K",117604
"01M4L","M4L",117731
"01M4M","M4M",117858
"01M4N","M4N",117985
"01M4P","M4P",118112
"01M4R","M4R",118239
"01M4S","M4S",118366
"01M4T","M4T",118493
"01M4V","M4V",118620
"01M4W","M4W",118747
"01M4X","M4X",118874
"01M4Y","M4Y",119001
"01M5A","M5A",119128
"01M5B","M5B",119255
"01M5C","M5C",119382
"01M5E","M5E",119509
"01M5G","M5G",119636
"01M5H","M5H",119763
"01M5J","M5J",119890
"01M5M","M5M",120017
"01M5N","M5N",120144
"01M5P","M5P",120271
"01M5R","M5R",120398
"01M5S","M5S",120525
"01M5T","M5T",120652
"01M5V","M5V",120779
"01M6A","M6A",120906
"01M6B","M6B",121033
"01M6C","M6C",121160
"01M6E","M6E",121287
"01M6G","M6G",121414
"01M6H","M6H",121541
"01M6J","M6J",121668
"01M6K","M6K",121795
"01M6L","M6L",121922
"01M6M","M6M",122049
"01M6N","M6N",122176
"01M6P","M6P",122303
"01M6R","M6R",122430
"01M6S","M6S",122557
"01M8V","M8V",122684
"01M8W","M8W",122811
"01M8X","M8X",122938
"01M8Y","M8Y",123065
"01M8Z","M8Z",123192
"01M9A","M9A",123319
"01M9B","M9B",123446
"01M9C","M9C",123573
"01M9L","M9L",123700
"01M9M","M9M",123827
"01M9N","M9N",123954
"01M9P","M9P",124081
"01M9R","M9R",124208
"01M9V","M9V",124335
"01M9W","M9W",124462
"01N0A","N0A",124589
"01N0B","N0B",124716
"01N0C","N0C",124843
"01N0E","N0E",124970
"01N0G","N0G",125097
"01N0H","N0H",125224
"01N0J","N0J",125351
"01N0K","N0K",125478
"01N0L","N0L",125605
"01N0M","N0M",125732
"01N0N","N0N",125859
"01N0P","N0P",125986
"01N0R","N0R",126113
"01N1A","N1A",126240
"01N1C","N1C",126367
"01N1E","N1E",126494
"01N1G","N1G",126621
"01N1H","N1H",126748
"01N1K","N1K",126875
"01N1L","N1L",127002
"01N1M","N1M",127129
"01N1P","N1P",127256
"01N1R","N1R",127383
"01N1S","N1S",127510
"01N1T","N1T",127637
"01N2A","N2A",127764
"01N2B","N2B",127891
"01N2C","N2C",128018
"01N2E","N2E",128145
"01N2G","N2G",128272
"01N2H","N2H",128399
"01N2J","N2J",128526
"01N2K","N2K",128653
"01N2L","N2L",128780
"01N2M","N2M",128907
"01N2N","N2N",129034
"01N2P","N2P",129161
"01N2R","N2R",129288
"01N2T","N2T",129415
"01N2V","N2V",129542
"01N2Z","N2Z",129669
"01N3A","N3A",129796
"01N3B","N3B",129923
"01N3C","N3C",130050
"01N3E","N3E",130177
"01N3H","N3H",130304
"01N3L","N3L",130431
"01N3P","N3P",130558
"01N3R","N3R",130685
"01N3S","N3S",130812
"01N3T","N3T",130939
"01N3V","N3V",131066
"01N3W","N3W",131193
"01N3Y","N3Y",131320
"01N4B","N4B",131447
"01N4G","N4G",131574
"01N4K","N4K",131701
"01N4L","N4L",131828
"01N4N","N4N",131955
"01N4S","N4S",132082
"01N4T","N4T",132209
"01N4V","N4V",132336
"01N4W","N4W",132463
"01N4X","N4X",132590
"01N4Z","N4Z",132717
"01N5A","N5A",132844
"01N5C","N5C",132971
"01N5H","N5H",133098
"01N5L","N5L",133225
"01N5P","N5P",133352
"01N5R","N5R",133479
"01N5V","N5V",133606
"01N5W","N5W",133733
"01N5X","N5X",133860
"01N5Y","N5Y",133987
"01N5Z","N5Z",134114
"01N6A","N6A",134241
"01N6B","N6B",134368
"01N6C","N6C",134495
"01N6E","N6E",134622
"01N6G","N6G",134749
"01N6H","N6H",134876
"01N6J","N6J",135003
"01N6K","N6K",135130
"01N6L","N6L",135257
"01N6M","N6M",135384
"01N6N","N6N",135511
"01N6P","N6P",135638
"01N7A","N7A",135765
"01N7G","N7G",135892
"01N7L","N7L",136019
"01N7M","N7M",136146
"01N7S","N7S",136273
"01N7T","N7T",136400
"01N7V","N7V",136527
"01N7W","N7W",136654
"01N7X","N7X",136781
"01N8A","N8A",136908
"01N8H","N8H",137035
"01N8M","N8M",137162
"01N8N","N8N",137289
"01N8P","N8P",137416
"01N8R","N8R",137543
"01N8S","N8S",137670
"01N8T","N8T",137797
"01N8W","N8W",137924
"01N8X","N8X",138051
"01N8Y","N8Y",138178
"01N9A","N9A",138305
"01N9B","N9B",138432
"01N9C","N9C",138559
"01N9E","N9E",138686
"01N9G","N9G",138813
"01N9H","N9H",138940
"01N9J","N9J",139067
"01N9K","N9K",139194
"01N9V","N9V",139321
"01N9Y","N9Y",139448
"01P0A","P0A",139575
"01P0B","P0B",139702
"01P0C","P0C",139829
"01P0E","P0E",139956
"01P0G","P0G",140083
"01P0H","P0H",140210
"01P0J","P0J",140337
"01P0K","P0K",140464
"01P0L","P0L",140591
"01P0M","P0M",140718
"01P0N","P0N",140845
"01P0P","P0P",140972
"01P0R","P0R",141099
"01P0S","P0S",141226
"01P0T","P0T",141353
"01P0V","P0V",141480
"01P0W","P0W",141607
"01P0X","P0X",141734
"01P1A","P1A",141861
"01P1B","P1B",141988
"01P1C","P1C",142115
"01P1H","P1H",142242
"01P1L","P1L",142369
"01P1P","P1P",142496
"01P2A","P2A",142623
"01P2B","P2B",142750
"01P2N","P2N",142877
"01P3A","P3A",143004
"01P3B","P3B",143131
"01P3C","P3C",143258
"01P3E","P3E",143385
"01P3G","P3G",143512
"01P3L","P3L",143639
"01P3N","P3N",143766
"01P3P","P3P",143893
"01P3Y","P3Y",144020
"01P4N","P4N",144147
"01P4P","P4P",144274
"01P4R","P4R",144401
"01P5A","P5A",144528
"01P5E","P5E",144655
"01P5N","P5N",144782
"01P6A","P6A",144909
"01P6B","P6B",145036
"01P6C","P6C",145163
"01P7A","P7A",145290
"01P7B","P7B",145417
"01P7C","P7C",145544
"01P7E","P7E",145671
"01P7G","P7G",145798
"01P7J","P7J",145925
"01P7K","P7K",146052
"01P7L","P7L",146179
"01P8N","P8N",146306
"01P8T","P8T",146433
"01P9A","P9A",146560
"01P9N","P9N",146687
"01R0A","R0A",146814
"01R0B","R0B",146941
"01R0C","R0C",147068
"01R0E","R0E",147195
"01R0G","R0G",147322
"01R0H","R0H",147449
"01R0J","R0J",147576
"01R0K","R0K",147703
"01R0L","R0L",147830
"01R0M","R0M",147957
"01R1A","R1A",148084
"01R1B","R1B",148211
"01R1C","R1C",148338
"01R1N","R1N",148465
"01R2C","R2C",148592
"01R2E","R2E",148719
"01R2G","R2G",148846
"01R2H","R2H",148973
"01R2J","R2J",149100
"01R2K","R2K",149227
"01R2L","R2L",149354
"01R2M","R2M",149481
"01R2N","R2N",149608
"01R2P","R2P",149735
"01R2R","R2R",149862
"01R2V","R2V",149989
"01R2W","R2W",150116
"01R2X","R2X",150243
"01R2Y","R2Y",150370
"01R3A","R3A",150497
"01R3B","R3B",150624
"01R3C","R3C",150751
"01R3E","R3E",150878
"01R3G","R3G",151005
"01R3H","R3H",151132
"01R3J","R3J",151259
"01R3K","R3K",151386
"01R3L","R3L",151513
"01R3M","R3M",151640
"01R3N","R3N",151767
"01R3P","R3P",151894
"01R3R","R3R",152021
"01R3S","R3S",152148
"01R3T","R3T",152275
"01R3V","R3V",152402
"01R3W","R3W",152529
"01R3X","R3X",152656
"01R3Y","R3Y",152783
"01R4A","R4A",152910
"01R4G","R4G",153037
"01R4H","R4H",153164
"01R4J","R4J",153291
"01R4K","R4K",153418
"01R4L","R4L",153545
"01R5A","R5A",153672
"01R5G","R5G",153799
"01R5H","R5H",153926
"01R6M","R6M",154053
"01R6W","R6W",154180
"01R7A","R7A",154307
"01R7B","R7B",154434
"01R7C","R7C",154561
"01R7N","R7N",154688
"01R8A","R8A",154815
"01R8N","R8N",154942
"01R9A","R9A",155069
"01S0A","S0A",155196
"01S0C","S0C",155323
"01S0E","S0E",155450
"01S0G","S0G",155577
"01S0H","S0H",155704
"01S0J","S0J",155831
"01S0K","S0K",155958
"01S0L","S0L",156085
"01S0M","S0M",156212
"01S0N","S0N",156339
"01S0P","S0P",156466
"01S2V","S2V",156593
"01S3N","S3N",156720
"01S4A","S4A",156847
"01S4H","S4H",156974
"01S4L","S4L",157101
"01S4M","S4M",157228
"01S4N","S4N",157355
"01S4P","S4P",157482
"01S4R","S4R",157609
"01S4S","S4S",157736
"01S4T","S4T",157863
"01S4V","S4V",157990
"01S4W","S4W",158117
"01S4X","S4X",158244
"01S4Y","S4Y",158371
"01S4Z","S4Z",158498
"01S6H","S6H",158625
"01S6J","S6J",158752
"01S6K","S6K",158879
"01S6V","S6V",159006
"01S6W","S6W",159133
"01S6X","S6X",159260
"01S7H","S7H",159387
"01S7J","S7J",159514
"01S7K","S7K",159641
"01S7L","S7L",159768
"01S7M","S7M",159895
"01S7N","S7N",160022
"01S7P","S7P",160149
"01S7R","S7R",160276
"01S7S","S7S",160403
"01S7T","S7T",160530
"01S7V","S7V",160657
"01S7W","S7W",160784
"01S9A","S9A",160911
"01S9H","S9H",161038
"01S9V","S9V",161165
"01S9X","S9X",161292
"01T0A","T0A",161419
"01T0B","T0B",161546
"01T0C","T0C",161673
"01T0E","T0E",161800
"01T0G","T0G",161927
"01T0H","T0H",162054
"01T0J","T0J",162181
"01T0K","T0K",162308
"01T0L","T0L",162435
"01T0M","T0M",162562
"01T0P","T0P",162689
"01T1A","T1A",162816
"01T1B","T1B",162943
"01T1C","T1C",163070
"01T1G","T1G",163197
"01T1H","T1H",163324
"01T1J","T1J",163451
"01T1K","T1K",163578
"01T1L","T1L",163705
"01T1M","T1M",163832
"01T1P","T1P",163959
"01T1R","T1R",164086
"01T1S","T1S",164213
"01T1V","T1V",164340
"01T1W","T1W",164467
"01T1X","T1X",164594
"01T1Y","T1Y",164721
"01T1Z","T1Z",164848
"01T2A","T2A",164975
"01T2B","T2B",165102
"01T2C","T2C",165229
"01T2E","T2E",165356
"01T2G","T2G",165483
"01T2H","T2H",165610
"01T2J","T2J",165737
"01T2K","T2K",165864
"01T2L","T2L",165991
"01T2M","T2M",166118
"01T2N","T2N",166245
"01T2P","T2P",166372
"01T2R","T2R",166499
"01T2S","T2S",166626
"01T2T","T2T",166753
"01T2V","T2V",166880
"01T2W","T2W",167007
"01T2X","T2X",167134
"01T2Y","T2Y",167261
"01T2Z","T2Z",167388
"01T3A","T3A",167515
"01T3B","T3B",167642
"01T3C","T3C",167769
"01T3E","T3E",167896
"01T3G","T3G",168023
"01T3H","T3H",168150
"01T3J","T3J",168277
"01T3K","T3K",168404
"01T3L","T3L",168531
"01T3M","T3M",168658
"01T3N","T3N",168785
"01T3P","T3P",168912
"01T3R","T3R",169039
"01T3S","T3S",169166
"01T3Z","T3Z",169293
"01T4A","T4A",169420
"01T4B","T4B",169547
"01T4C","T4C",169674
"01T4E","T4E",169801
"01T4G","T4G",169928
"01T4H","T4H",170055
"01T4J","T4J",170182
"01T4L","T4L",170309
"01T4M","T4M",170436
"01T4N","T4N",170563
"01T4P","T4P",170690
"01T4R","T4R",170817
"01T4S","T4S",170944
"01T4T","T4T",171071
"01T4V","T4V",171198
"01T4X","T4X",171325
"01T5A","T5A",171452
"01T5B","T5B",171579
"01T5C","T5C",171706
"01T5E","T5E",171833
"01T5G","T5G",171960
"01T5H","T5H",172087
"01T5J","T5J",172214
"01T5K","T5K",172341
"01T5L","T5L",172468
"01T5M","T5M",172595
"01T5N","T5N",172722
"01T5P","T5P",172849
"01T5R","T5R",172976
"01T5S","T5S",173103
"01T5T","T5T",173230
"01T5V","T5V",173357
"01T5W","T5W",173484
"01T5X","T5X",173611
"01T5Y","T5Y",173738
"01T5Z","T5Z",173865
"01T6A","T6A",173992
"01T6B","T6B",174119
"01T6C","T6C",174246
"01T6E","T6E",174373
"01T6G","T6G",174500
"01T6H","T6H",174627
"01T6J","T6J",174754
"01T6K","T6K",174881
"01T6L","T6L",175008
"01T6M","T6M",175135
"01T6P","T6P",175262
"01T6R","T6R",175389
"01T6S","T6S",175516
"01T6T","T6T",175643
"01T6V","T6V",175770
"01T6W","T6W",175897
"01T6X","T6X",176024
"01T7A","T7A",176151
"01T7E","T7E",176278
"01T7N","T7N",176405
"01T7P","T7P",176532
"01T7S","T7S",176659
"01T7V","T7V",176786
"01T7X","T7X",176913
"01T7Y","T7Y",177040
"01T7Z","T7Z",177167
"01T8A","T8A",177294
"01T8B","T8B",177421
"01T8C","T8C",177548
"01T8E","T8E",177675
"01T8G","T8G",177802
"01T8H","T8H",177929
"01T8L","T8L",178056
"01T8N","T8N",178183
"01T8R","T8R",178310
"01T8S","T8S",178437
"01T8T","T8T",178564
"01T8V","T8V",178691
"01T8W","T8W",178818
"01T8X","T8X",178945
"01T9A","T9A",179072
"01T9C","T9C",179199
"01T9E","T9E",179326
"01T9G","T9G",179453
"01T9H","T9H",179580
"01T9J","T9J",179707
"01T9K","T9K",179834
"01T9M","T9M",179961
"01T9N","T9N",180088
"01T9S","T9S",180215
"01T9V","T9V",180342
"01T9W","T9W",180469
"01T9X","T9X",180596
"01V0A","V0A",180723
"01V0B","V0B",180850
"01V0C","V0C",180977
"01V0E","V0E",181104
"01V0G","V0G",181231
"01V0H","V0H",181358
"01V0J","V0J",181485
"01V0K","V0K",181612
"01V0L","V0L",181739
"01V0M","V0M",181866
"01V0N","V0N",181993
"01V0P","V0P",182120
"01V0R","V0R",182247
"01V0S","V0S",182374
"01V0T","V0T",182501
"01V0V","V0V",182628
"01V0W","V0W",182755
"01V0X","V0X",182882
"01V1A","V1A",183009
"01V1B","V1B",183136
"01V1C","V1C",183263
"01V1E","V1E",183390
"01V1G","V1G",183517
"01V1H","V1H",183644
"01V1J","V1J",183771
"01V1K","V1K",183898
"01V1L","V1L",184025
"01V1M","V1M",184152
"01V1N","V1N",184279
"01V1P","V1P",184406
"01V1R","V1R",184533
"01V1S","V1S",184660
"01V1T","V1T",184787
"01V1V","V1V",184914
"01V1W","V1W",185041
"01V1X","V1X",185168
"01V1Y","V1Y",185295
"01V1Z","V1Z",185422
"01V2A","V2A",185549
"01V2B","V2B",185676
"01V2C","V2C",185803
"01V2E","V2E",185930
"01V2G","V2G",186057
"01V2H","V2H",186184
"01V2J","V2J",186311
"01V2K","V2K",186438
"01V2L","V2L",186565
"01V2M","V2M",186692
"01V2N","V2N",186819
"01V2P","V2P",186946
"01V2R","V2R",187073
"01V2S","V2S",187200
"01V2T","V2T",187327
"01V2V","V2V",187454
"01V2W","V2W",187581
"01V2X","V2X",187708
"01V2Y","V2Y",187835
"01V2Z","V2Z",187962
"01V3A","V3A",188089
"01V3B","V3B",188216
"01V3C","V3C",188343
"01V3E","V3E",188470
"01V3G","V3G",188597
"01V3H","V3H",188724
"01V3J","V3J",188851
"01V3K","V3K",188978
"01V3L","V3L",189105
"01V3M","V3M",189232
"01V3N","V3N",189359
"01V3R","V3R",189486
"01V3S","V3S",189613
"01V3T","V3T",189740
"01V3V","V3V",189867
"01V3W","V3W",189994
"01V3X","V3X",190121
"01V3Y","V3Y",190248
"01V3Z","V3Z",190375
"01V4A","V4A",190502
"01V4B","V4B",190629
"01V4C","V4C",190756
"01V4E","V4E",190883
"01V4G","V4G",191010
"01V4K","V4K",191137
"01V4L","V4L",191264
"01V4M","V4M",191391
"01V4N","V4N",191518
"01V4P","V4P",191645
"01V4R","V4R",191772
"01V4S","V4S",191899
"01V4T","V4T",192026
"01V4V","V4V",192153
"01V4W","V4W",192280
"01V4X","V4X",192407
"01V4Z","V4Z",192534
"01V5A","V5A",192661
"01V5B","V5B",192788
"01V5C","V5C",192915
"01V5E","V5E",193042
"01V5G","V5G",193169
"01V5H","V5H",193296
"01V5J","V5J",193423
"01V5K","V5K",193550
"01V5L","V5L",193677
"01V5M","V5M",193804
"01V5N","V5N",193931
"01V5P","V5P",194058
"01V5R","V5R",194185
"01V5S","V5S",194312
"01V5T","V5T",194439
"01V5V","V5V",194566
"01V5W","V5W",194693
"01V5X","V5X",194820
"01V5Y","V5Y",194947
"01V5Z","V5Z",195074
"01V6A","V6A",195201
"01V6B","V6B",195328
"01V6C","V6C",195455
"01V6E","V6E",195582
"01V6G","V6G",195709
"01V6H","V6H",195836
"01V6J","V6J",195963
"01V6K","V6K",196090
"01V6L","V6L",196217
"01V6M","V6M",196344
"01V6N","V6N",196471
"01V6P","V6P",196598
"01V6R","V6R",196725
"01V6S","V6S",196852
"01V6T","V6T",196979
"01V6V","V6V",197106
"01V6W","V6W",197233
"01V6X","V6X",197360
"01V6Y","V6Y",197487
"01V6Z","V6Z",197614
"01V7A","V7A",197741
"01V7B","V7B",197868
"01V7C","V7C",197995
"01V7E","V7E",198122
"01V7G","V7G",198249
"01V7H","V7H",198376
"01V7J","V7J",198503
"01V7K","V7K",198630
"01V7L","V7L",198757
"01V7M","V7M",198884
"01V7N","V7N",199011
"01V7P","V7P",199138
"01V7R","V7R",199265
"01V7S","V7S",199392
"01V7T","V7T",199519
"01V7V","V7V",199646
"01V7W","V7W",199773
"01V8A","V8A",199900
"01V8B","V8B",200027
"01V8C","V8C",200154
"01V8G","V8G",200281
"01V8J","V8J",200408
"01V8K","V8K",200535
"01V8L","V8L",200662
"01V8M","V8M",200789
"01V8N","V8N",200916
"01V8P","V8P",201043
"01V8R","V8R",201170
"01V8S","V8S",201297
"01V8T","V8T",201424
"01V8V","V8V",201551
"01V8W","V8W",201678
"01V8X","V8X",201805
"01V8Y","V8Y",201932
"01V8Z","V8Z",202059
"01V9A","V9A",202186
"01V9B","V9B",202313
"01V9C","V9C",202440
"01V9E","V9E",202567
"01V9G","V9G",202694
"01V9H","V9H",202821
"01V9J","V9J",202948
"01V9K","V9K",203075
"01V9L","V9L",203202
"01V9M","V9M",203329
"01V9N","V9N",203456
"01V9P","V9P",203583
"01V9R","V9R",203710
"01V9S","V9S",203837
"01V9T","V9T",203964
"01V9V","V9V",204091
"01V9W","V9W",204218
"01V9X","V9X",204345
"01V9Y","V9Y",204472
"01V9Z","V9Z",204599
"01X0A","X0A",204726
"01X0B","X0B",204853
"01X0C","X0C",204980
"01X0E","X0E",205107
"01X0G","X0G",205234
"01X1A","X1A",205361
"01Y0A","Y0A",205488
"01Y0B","Y0B",205615
"01Y1A","Y1A",205742
